{"cameraMode":{"drawMode":0,"name":"Shaded","section":"Shading Mode"},"sceneLighting":true,"audioPlay":false,"sceneViewState":{"showFog":true,"showMaterialUpdate":true,"showSkybox":true,"showFlares":true,"showImageEffects":true,"showParticleSystems":true},"in2DMode":false,"pivot":{"x":42.95920181274414,"y":-30.383607864379884,"z":63.82711410522461},"rotation":{"x":-0.25161129236221316,"y":-0.19523288309574128,"z":0.051895610988140109,"w":-0.9465581774711609},"size":89.92759704589844,"orthographic":false}